{"pitch": [-1.7030344632997922, 11.509751433570994, 146.2900072348196, 49.419195780243804], "energy": [-1.2428988218307495, 4.942321300506592, 46.190301012191064, 37.15484168096374]}